# infinitive	meaning	English prompt	expected German answer
aufstehen	get up	I get up at six.	Ich stehe um sechs Uhr auf.
ankommen	arrive	The train arrives at eight.	Der Zug kommt um acht Uhr an.
mitbringen	bring along	I bring the cake along.	Ich bringe den Kuchen mit.
anrufen	call	I call my mother.	Ich rufe meine Mutter an.
einkaufen	shop	We shop at the supermarket.	Wir kaufen im Supermarkt ein.
fernsehen	watch TV	He watches TV in the evening.	Er sieht am Abend fern.
abfahren	depart	The bus departs at nine.	Der Bus fährt um neun Uhr ab.
mitkommen	come along	She comes along today.	Sie kommt heute mit.
aufmachen	open	He opens the window.	Er macht das Fenster auf.
zumachen	close	I close the door.	Ich mache die Tür zu.
einladen	invite	We invite our friends.	Wir laden unsere Freunde ein.
abholen	pick up	She picks up the children.	Sie holt die Kinder ab.
anfangen	begin	The lesson begins now.	Der Unterricht fängt jetzt an.
aufräumen	tidy up	I tidy up my room.	Ich räume mein Zimmer auf.
ausgehen	go out	They go out tonight.	Sie gehen heute Abend aus.
einsteigen	get in	We get in here.	Wir steigen hier ein.
aussteigen	get out	He gets out at the station.	Er steigt am Bahnhof aus.
zurückkommen	come back	I come back tomorrow.	Ich komme morgen zurück.
vorbereiten	prepare	She prepares the meal.	Sie bereitet das Essen vor.
weggehen	go away	The guests leave early.	Die Gäste gehen früh weg.
stattfinden	take place	The concert takes place today.	Das Konzert findet heute statt.
zuhören	listen	The students listen carefully.	Die Schüler hören gut zu.
einschlafen	fall asleep	The baby falls asleep quickly.	Das Baby schläft schnell ein.
aufwachen	wake up	We wake up early.	Wir wachen früh auf.
